,split0_test_score,split1_test_score,split2_test_score,split3_test_score,mean_test_score,std_test_score,rank_test_score,mean_fit_time,std_fit_time,mean_score_time,std_score_time,param_colsample_bylevel,param_colsample_bytree,param_gamma,param_learning_rate,param_max_delta_step,param_max_depth,param_min_child_weight,param_n_estimators,param_reg_alpha,param_reg_lambda,param_scale_pos_weight,param_subsample,params
0,0.5530537839883556,0.48922417239829713,0.455406929200387,0.5468457003271476,0.511131823653999,0.040676085493091284,72,19.03393018245697,2.016838244700181,0.056031763553619385,0.004492503965344595,0.4160029192647807,0.7304484857455519,0.13031389926541354,0.042815319280763466,13,21,5,383,5.497557739289786e-07,0.05936070635912049,0.060830282487222144,0.13556548021189216,"OrderedDict([('colsample_bylevel', 0.4160029192647807), ('colsample_bytree', 0.7304484857455519), ('gamma', 0.13031389926541354), ('learning_rate', 0.042815319280763466), ('max_delta_step', 13), ('max_depth', 21), ('min_child_weight', 5), ('n_estimators', 383), ('reg_alpha', 5.497557739289786e-07), ('reg_lambda', 0.05936070635912049), ('scale_pos_weight', 0.060830282487222144), ('subsample', 0.13556548021189216)])"
1,0.532421684670239,0.41567269377961374,0.3766229059819378,0.524842057056062,0.4623883964801427,0.06771864694053696,83,12.271020412445068,0.5193254547749169,0.031113147735595703,0.003225091261230132,0.8390144719977516,0.8844821246070537,4.358684608480795e-07,0.7988179462781242,17,3,2,209,0.0005266983003701547,276.5424475574225,0.3016410771843142,0.9923710598637134,"OrderedDict([('colsample_bylevel', 0.8390144719977516), ('colsample_bytree', 0.8844821246070537), ('gamma', 4.358684608480795e-07), ('learning_rate', 0.7988179462781242), ('max_delta_step', 17), ('max_depth', 3), ('min_child_weight', 2), ('n_estimators', 209), ('reg_alpha', 0.0005266983003701547), ('reg_lambda', 276.5424475574225), ('scale_pos_weight', 0.3016410771843142), ('subsample', 0.9923710598637134)])"
2,0.5410664878783897,0.4516479281788398,0.4160894462862014,0.5356942902296651,0.4861233960620334,0.05378050062218221,79,74.13520967960358,4.215623948372942,0.17799317836761475,0.01934616599723133,0.4503841871781403,0.9195352964526833,8.168958221061441e-09,0.07356404539935663,4,23,2,388,0.00010376808625045426,476.96194787286544,1.3165669602830552,0.387658500562527,"OrderedDict([('colsample_bylevel', 0.4503841871781403), ('colsample_bytree', 0.9195352964526833), ('gamma', 8.168958221061441e-09), ('learning_rate', 0.07356404539935663), ('max_delta_step', 4), ('max_depth', 23), ('min_child_weight', 2), ('n_estimators', 388), ('reg_alpha', 0.00010376808625045426), ('reg_lambda', 476.96194787286544), ('scale_pos_weight', 1.3165669602830552), ('subsample', 0.387658500562527)])"
3,0.5359399998406219,0.5227632138231744,0.5816147072331797,0.5395124823950026,0.5449577262778809,0.022064353830819138,56,9.500667870044708,0.9825100148349587,0.03786826133728027,0.005644194806166343,0.8142720284737898,0.1801528457825951,0.00015936523535755285,0.4032083917998946,10,5,11,443,0.1611980387486336,4.3806965488564525e-05,0.0009365503147654213,0.8391548832503206,"OrderedDict([('colsample_bylevel', 0.8142720284737898), ('colsample_bytree', 0.1801528457825951), ('gamma', 0.00015936523535755285), ('learning_rate', 0.4032083917998946), ('max_delta_step', 10), ('max_depth', 5), ('min_child_weight', 11), ('n_estimators', 443), ('reg_alpha', 0.1611980387486336), ('reg_lambda', 4.3806965488564525e-05), ('scale_pos_weight', 0.0009365503147654213), ('subsample', 0.8391548832503206)])"
4,0.49535050418828735,0.38920007289288905,0.370640595703929,0.5212163098063702,0.44410009394028743,0.06516070275304393,85,43.895741403102875,1.6138588554908293,0.08159852027893066,0.017399297178499893,0.8015579071911014,0.44364889457651413,3.811128976537413e-05,0.2700390206185342,18,36,6,343,1.5057560255472018e-06,0.08186810622382998,0.029004593634154585,0.8835665823899177,"OrderedDict([('colsample_bylevel', 0.8015579071911014), ('colsample_bytree', 0.44364889457651413), ('gamma', 3.811128976537413e-05), ('learning_rate', 0.2700390206185342), ('max_delta_step', 18), ('max_depth', 36), ('min_child_weight', 6), ('n_estimators', 343), ('reg_alpha', 1.5057560255472018e-06), ('reg_lambda', 0.08186810622382998), ('scale_pos_weight', 0.029004593634154585), ('subsample', 0.8835665823899177)])"
5,0.5250813477600326,0.40426058781281005,0.3796986345781163,0.5466463888583897,0.4639198337861803,0.07286410006952844,82,59.34113985300064,0.5772973813112945,0.0863221287727356,0.004061812181724954,0.7366877378057127,0.9399760402267441,2.6498051478267012e-08,0.0238149998729586,16,19,7,291,0.011683028450342707,0.0048879464985534336,0.13267482411031659,0.5689543694097536,"OrderedDict([('colsample_bylevel', 0.7366877378057127), ('colsample_bytree', 0.9399760402267441), ('gamma', 2.6498051478267012e-08), ('learning_rate', 0.0238149998729586), ('max_delta_step', 16), ('max_depth', 19), ('min_child_weight', 7), ('n_estimators', 291), ('reg_alpha', 0.011683028450342707), ('reg_lambda', 0.0048879464985534336), ('scale_pos_weight', 0.13267482411031659), ('subsample', 0.5689543694097536)])"
6,0.4812275881112965,0.40271161496407104,0.37700438110795415,0.47003531815883237,0.43274386641468454,0.04401761122797265,87,48.16085124015808,0.8515588117667274,0.08387017250061035,0.009548762513842894,0.6209085649172932,0.7776107350396038,1.3277909848852635e-06,0.5605967693796124,12,30,10,240,0.004026635957416632,0.040887904512512056,109.72255122430063,0.6612742297240571,"OrderedDict([('colsample_bylevel', 0.6209085649172932), ('colsample_bytree', 0.7776107350396038), ('gamma', 1.3277909848852635e-06), ('learning_rate', 0.5605967693796124), ('max_delta_step', 12), ('max_depth', 30), ('min_child_weight', 10), ('n_estimators', 240), ('reg_alpha', 0.004026635957416632), ('reg_lambda', 0.040887904512512056), ('scale_pos_weight', 109.72255122430063), ('subsample', 0.6612742297240571)])"
7,0.44380705546215937,0.4193161920560317,0.4193161920560317,0.41935483870967744,0.42544870996981526,0.010599370256800883,88,1.7593849301338196,0.1509518571759964,0.020742356777191162,0.005366855976988577,0.5479690370134094,0.9208091341729433,2.083286323303108e-05,0.4734922490673386,6,3,9,62,2.9618722230360503e-06,8.153638964242,0.0015718563651880596,0.577028860872224,"OrderedDict([('colsample_bylevel', 0.5479690370134094), ('colsample_bytree', 0.9208091341729433), ('gamma', 2.083286323303108e-05), ('learning_rate', 0.4734922490673386), ('max_delta_step', 6), ('max_depth', 3), ('min_child_weight', 9), ('n_estimators', 62), ('reg_alpha', 2.9618722230360503e-06), ('reg_lambda', 8.153638964242), ('scale_pos_weight', 0.0015718563651880596), ('subsample', 0.577028860872224)])"
8,0.5061196226452224,0.4154538948015604,0.38100688797780424,0.4940298518555553,0.4491515303526247,0.0525326539414711,84,36.68581557273865,0.6122590694134137,0.0678408145904541,0.012590971564525747,0.955923206446829,0.7036152301751524,0.03823613443879595,0.06786442521779147,8,11,0,217,0.00022356829889037284,1.2908532337409298e-07,4.73588486119117,0.4499578015509351,"OrderedDict([('colsample_bylevel', 0.955923206446829), ('colsample_bytree', 0.7036152301751524), ('gamma', 0.03823613443879595), ('learning_rate', 0.06786442521779147), ('max_delta_step', 8), ('max_depth', 11), ('min_child_weight', 0), ('n_estimators', 217), ('reg_alpha', 0.00022356829889037284), ('reg_lambda', 1.2908532337409298e-07), ('scale_pos_weight', 4.73588486119117), ('subsample', 0.4499578015509351)])"
9,0.5500381713792118,0.5325075133580293,0.5645770421917218,0.5372069930391624,0.5460826344810518,0.012457501306368982,55,3.157301425933838,0.26586028810180967,0.03517264127731323,0.005337046938646331,0.013594004182195795,0.819651719467114,0.002807995180059625,0.03229300915669146,12,14,5,119,0.11080071157037095,5.745523087821567,3.573713830065675,0.029649078936835577,"OrderedDict([('colsample_bylevel', 0.013594004182195795), ('colsample_bytree', 0.819651719467114), ('gamma', 0.002807995180059625), ('learning_rate', 0.03229300915669146), ('max_delta_step', 12), ('max_depth', 14), ('min_child_weight', 5), ('n_estimators', 119), ('reg_alpha', 0.11080071157037095), ('reg_lambda', 5.745523087821567), ('scale_pos_weight', 3.573713830065675), ('subsample', 0.029649078936835577)])"
10,0.4193161920560317,0.4193161920560317,0.4193161920560317,0.41935483870967744,0.4193258530516324,1.6734106335741224e-05,90,8.820983171463013,1.1680147046648761,0.030402004718780518,0.0026092136416033685,0.3805133208288646,0.8933795837382187,0.49999999999999994,0.1455452611526241,20,41,3,453,0.28275294693227576,3.577216467614925e-06,0.0005362096784605664,0.47078098366798227,"OrderedDict([('colsample_bylevel', 0.3805133208288646), ('colsample_bytree', 0.8933795837382187), ('gamma', 0.49999999999999994), ('learning_rate', 0.1455452611526241), ('max_delta_step', 20), ('max_depth', 41), ('min_child_weight', 3), ('n_estimators', 453), ('reg_alpha', 0.28275294693227576), ('reg_lambda', 3.577216467614925e-06), ('scale_pos_weight', 0.0005362096784605664), ('subsample', 0.47078098366798227)])"
11,0.4193161920560317,0.4193161920560317,0.4193161920560317,0.41935483870967744,0.4193258530516324,1.6734106335741224e-05,90,4.864856243133545,0.43318016424544115,0.02727031707763672,0.009056445693829806,0.8162374314620366,0.0796975623973213,0.0001796485824386261,0.3075309193067199,8,0,12,481,1.0,6.798384750833346e-06,0.0002768747515664179,0.802117439372347,"OrderedDict([('colsample_bylevel', 0.8162374314620366), ('colsample_bytree', 0.0796975623973213), ('gamma', 0.0001796485824386261), ('learning_rate', 0.3075309193067199), ('max_delta_step', 8), ('max_depth', 0), ('min_child_weight', 12), ('n_estimators', 481), ('reg_alpha', 1.0), ('reg_lambda', 6.798384750833346e-06), ('scale_pos_weight', 0.0002768747515664179), ('subsample', 0.802117439372347)])"
12,0.5007567397572241,0.49097940796113604,0.4667339555419507,0.5003363790532347,0.48970137555480564,0.01382450103496192,77,3.574373960494995,0.10703465325566686,0.03329950571060181,0.004225617642206356,0.2388225910747607,0.38482606322784185,0.043284919893311055,0.13012495564105228,10,8,1,135,0.12485620766547262,0.020253171384144706,0.11822826309127653,0.01137931172363124,"OrderedDict([('colsample_bylevel', 0.2388225910747607), ('colsample_bytree', 0.38482606322784185), ('gamma', 0.043284919893311055), ('learning_rate', 0.13012495564105228), ('max_delta_step', 10), ('max_depth', 8), ('min_child_weight', 1), ('n_estimators', 135), ('reg_alpha', 0.12485620766547262), ('reg_lambda', 0.020253171384144706), ('scale_pos_weight', 0.11822826309127653), ('subsample', 0.01137931172363124)])"
13,0.5292493922790329,0.4255354379210694,0.39414963665699265,0.526411477020039,0.46883515944828147,0.06003692976619004,81,42.43883514404297,1.1777685047887814,0.09901618957519531,0.009739607984699692,0.7402552342040476,0.5427603012458316,8.020262231451183e-05,0.050432819894473874,17,19,0,368,0.08049363371450133,7.289295308642716e-07,0.0008925238950606517,0.3578000371556964,"OrderedDict([('colsample_bylevel', 0.7402552342040476), ('colsample_bytree', 0.5427603012458316), ('gamma', 8.020262231451183e-05), ('learning_rate', 0.050432819894473874), ('max_delta_step', 17), ('max_depth', 19), ('min_child_weight', 0), ('n_estimators', 368), ('reg_alpha', 0.08049363371450133), ('reg_lambda', 7.289295308642716e-07), ('scale_pos_weight', 0.0008925238950606517), ('subsample', 0.3578000371556964)])"
14,0.5314647284605596,0.4902705639341868,0.521733187461491,0.5440684584805472,0.5218837234622946,0.019895751834889636,69,4.863895118236542,0.31359754351354635,0.02938985824584961,0.0037212690966279788,0.44188206624675186,0.11865175042140913,2.756108073415732e-08,0.6643599101382469,9,10,14,312,0.18745433416853385,5.4161896190125676e-08,0.009567737478762432,0.4120509332580009,"OrderedDict([('colsample_bylevel', 0.44188206624675186), ('colsample_bytree', 0.11865175042140913), ('gamma', 2.756108073415732e-08), ('learning_rate', 0.6643599101382469), ('max_delta_step', 9), ('max_depth', 10), ('min_child_weight', 14), ('n_estimators', 312), ('reg_alpha', 0.18745433416853385), ('reg_lambda', 5.4161896190125676e-08), ('scale_pos_weight', 0.009567737478762432), ('subsample', 0.4120509332580009)])"
15,0.5528518389812945,0.5069454082040094,0.4677245034613497,0.5429134424041451,0.5176082152466837,0.0334835481976909,71,12.795491337776184,0.33424145308648273,0.07440906763076782,0.002429891033797038,0.19182630226776753,0.4313388440607961,4.699602703140794e-09,0.01525239238048825,12,20,10,178,0.09959700039157025,0.0001334127585353854,19.924189399214633,0.19249204857513563,"OrderedDict([('colsample_bylevel', 0.19182630226776753), ('colsample_bytree', 0.4313388440607961), ('gamma', 4.699602703140794e-09), ('learning_rate', 0.01525239238048825), ('max_delta_step', 12), ('max_depth', 20), ('min_child_weight', 10), ('n_estimators', 178), ('reg_alpha', 0.09959700039157025), ('reg_lambda', 0.0001334127585353854), ('scale_pos_weight', 19.924189399214633), ('subsample', 0.19249204857513563)])"
16,0.5394693886691537,0.4465313786098955,0.4022297710727986,0.5460360613683546,0.48356521064218017,0.06126750573108106,80,31.065246105194092,0.7585840313938653,0.09923839569091797,0.007309858406462315,0.2917842183666367,0.2094571138374346,0.1779346074200785,0.02439157906703226,4,10,10,482,0.13017591993818978,0.8130487470659816,13.738755273678954,0.8238672579140296,"OrderedDict([('colsample_bylevel', 0.2917842183666367), ('colsample_bytree', 0.2094571138374346), ('gamma', 0.1779346074200785), ('learning_rate', 0.02439157906703226), ('max_delta_step', 4), ('max_depth', 10), ('min_child_weight', 10), ('n_estimators', 482), ('reg_alpha', 0.13017591993818978), ('reg_lambda', 0.8130487470659816), ('scale_pos_weight', 13.738755273678954), ('subsample', 0.8238672579140296)])"
17,0.5638965509743328,0.5291795082117694,0.5689039916746306,0.5547954609998073,0.5541938641047329,0.015302217577884185,47,10.764182686805725,0.9836235474978576,0.040409624576568604,0.003492598771471654,0.776850300105971,0.6146948704765257,2.2260216806635152e-09,0.05255058442444462,18,3,1,305,0.17567177932216063,1.2300151621873224e-06,0.003354423745980937,0.2986187021448487,"OrderedDict([('colsample_bylevel', 0.776850300105971), ('colsample_bytree', 0.6146948704765257), ('gamma', 2.2260216806635152e-09), ('learning_rate', 0.05255058442444462), ('max_delta_step', 18), ('max_depth', 3), ('min_child_weight', 1), ('n_estimators', 305), ('reg_alpha', 0.17567177932216063), ('reg_lambda', 1.2300151621873224e-06), ('scale_pos_weight', 0.003354423745980937), ('subsample', 0.2986187021448487)])"
18,0.5636570848638924,0.5370791167781896,0.5716119835645689,0.5567671741951583,0.5572788516391687,0.01279088235383536,39,13.412415206432343,1.7010076102499094,0.04271429777145386,0.0034600785468410266,0.7591205795301409,0.3927198974683441,0.04132866287753788,0.018162723915114667,1,4,12,388,0.2076676277572792,57.941086661620794,0.15160198089052715,0.3166800957759412,"OrderedDict([('colsample_bylevel', 0.7591205795301409), ('colsample_bytree', 0.3927198974683441), ('gamma', 0.04132866287753788), ('learning_rate', 0.018162723915114667), ('max_delta_step', 1), ('max_depth', 4), ('min_child_weight', 12), ('n_estimators', 388), ('reg_alpha', 0.2076676277572792), ('reg_lambda', 57.941086661620794), ('scale_pos_weight', 0.15160198089052715), ('subsample', 0.3166800957759412)])"
19,0.4193161920560317,0.4193161920560317,0.4193161920560317,0.41935483870967744,0.4193258530516324,1.6734106335741224e-05,90,3.551707684993744,0.8943018110864378,0.021271049976348877,0.0029363933242536303,0.01,0.7988909181984444,1.236085774905339e-06,0.12680175561147364,8,15,3,217,0.07083820121387265,0.0018088188592761912,2.2932425480467423e-06,0.22262538009414945,"OrderedDict([('colsample_bylevel', 0.01), ('colsample_bytree', 0.7988909181984444), ('gamma', 1.236085774905339e-06), ('learning_rate', 0.12680175561147364), ('max_delta_step', 8), ('max_depth', 15), ('min_child_weight', 3), ('n_estimators', 217), ('reg_alpha', 0.07083820121387265), ('reg_lambda', 0.0018088188592761912), ('scale_pos_weight', 2.2932425480467423e-06), ('subsample', 0.22262538009414945)])"
20,0.4193161920560317,0.4193161920560317,0.4193161920560317,0.41935483870967744,0.4193258530516324,1.6734106335741224e-05,90,4.507415473461151,0.3539975467924167,0.02329838275909424,0.005698314224508626,0.8891889943187916,0.05878677821874592,0.3707042145530844,0.228471288521838,0,6,6,244,0.19235538922060713,0.11603981801396947,0.00020447126381803056,0.26793707454213833,"OrderedDict([('colsample_bylevel', 0.8891889943187916), ('colsample_bytree', 0.05878677821874592), ('gamma', 0.3707042145530844), ('learning_rate', 0.228471288521838), ('max_delta_step', 0), ('max_depth', 6), ('min_child_weight', 6), ('n_estimators', 244), ('reg_alpha', 0.19235538922060713), ('reg_lambda', 0.11603981801396947), ('scale_pos_weight', 0.00020447126381803056), ('subsample', 0.26793707454213833)])"
21,0.564373402902453,0.5308980353988725,0.5836290018939478,0.5580684315708083,0.55924224498542,0.018880197779196764,34,13.902870416641235,1.5860445213663223,0.03520643711090088,0.0019192900382602263,0.7308814662441133,0.5101637623192388,6.710279208130216e-09,0.021171810887421906,14,3,9,373,0.179126667797468,3.1355182360120497,0.01205818347903667,0.8639909380546308,"OrderedDict([('colsample_bylevel', 0.7308814662441133), ('colsample_bytree', 0.5101637623192388), ('gamma', 6.710279208130216e-09), ('learning_rate', 0.021171810887421906), ('max_delta_step', 14), ('max_depth', 3), ('min_child_weight', 9), ('n_estimators', 373), ('reg_alpha', 0.179126667797468), ('reg_lambda', 3.1355182360120497), ('scale_pos_weight', 0.01205818347903667), ('subsample', 0.8639909380546308)])"
22,0.5660592774778896,0.5503757000329056,0.601595029316326,0.5543193831684488,0.5680876647111666,0.020187602599412796,10,6.954270362854004,0.609480280953475,0.031640827655792236,0.0032397486288930997,0.6888136838894134,0.9142005300406499,0.001069712666527338,0.03643716278120305,7,1,2,261,0.1944372170976699,0.43971893180739163,0.017787048810240652,0.10778449623496485,"OrderedDict([('colsample_bylevel', 0.6888136838894134), ('colsample_bytree', 0.9142005300406499), ('gamma', 0.001069712666527338), ('learning_rate', 0.03643716278120305), ('max_delta_step', 7), ('max_depth', 1), ('min_child_weight', 2), ('n_estimators', 261), ('reg_alpha', 0.1944372170976699), ('reg_lambda', 0.43971893180739163), ('scale_pos_weight', 0.017787048810240652), ('subsample', 0.10778449623496485)])"
23,0.5472314144749308,0.5525557021185927,0.5860204797986222,0.5431491260027752,0.5572395052319261,0.016948387469245728,40,3.3481122851371765,0.6382598446313189,0.026225566864013672,0.006794204729727922,0.30658501193131654,0.6417024761299115,4.098268020442501e-07,0.02118311188666822,12,1,2,204,0.23782088852405509,3.3910868599653354e-07,0.02574849952863966,0.021010052798589193,"OrderedDict([('colsample_bylevel', 0.30658501193131654), ('colsample_bytree', 0.6417024761299115), ('gamma', 4.098268020442501e-07), ('learning_rate', 0.02118311188666822), ('max_delta_step', 12), ('max_depth', 1), ('min_child_weight', 2), ('n_estimators', 204), ('reg_alpha', 0.23782088852405509), ('reg_lambda', 3.3910868599653354e-07), ('scale_pos_weight', 0.02574849952863966), ('subsample', 0.021010052798589193)])"
24,0.5445625818303123,0.472152733192853,0.4225847264445042,0.5561536740594095,0.498862108921279,0.054549193907659936,74,23.226617872714996,0.8821828338462407,0.06633681058883667,0.009221683217808802,0.502413726723923,0.7818184384250584,1.6440039086114413e-05,0.03053259530849631,19,30,2,277,0.21240489918826166,0.0030517597136454407,0.00918367019379237,0.44934784879313044,"OrderedDict([('colsample_bylevel', 0.502413726723923), ('colsample_bytree', 0.7818184384250584), ('gamma', 1.6440039086114413e-05), ('learning_rate', 0.03053259530849631), ('max_delta_step', 19), ('max_depth', 30), ('min_child_weight', 2), ('n_estimators', 277), ('reg_alpha', 0.21240489918826166), ('reg_lambda', 0.0030517597136454407), ('scale_pos_weight', 0.00918367019379237), ('subsample', 0.44934784879313044)])"
25,0.4193161920560317,0.4193161920560317,0.4193161920560317,0.41935483870967744,0.4193258530516324,1.6734106335741224e-05,90,4.262106835842133,1.1985861697945597,0.02722465991973877,0.006582701466247708,0.3104032768369619,0.018085413711757058,0.00037226134033397366,0.7872467154718047,11,0,2,418,0.09505054930544185,9.632810303606264e-09,0.009867092056537541,1.0,"OrderedDict([('colsample_bylevel', 0.3104032768369619), ('colsample_bytree', 0.018085413711757058), ('gamma', 0.00037226134033397366), ('learning_rate', 0.7872467154718047), ('max_delta_step', 11), ('max_depth', 0), ('min_child_weight', 2), ('n_estimators', 418), ('reg_alpha', 0.09505054930544185), ('reg_lambda', 9.632810303606264e-09), ('scale_pos_weight', 0.009867092056537541), ('subsample', 1.0)])"
26,0.4193161920560317,0.4193161920560317,0.4193161920560317,0.41935483870967744,0.4193258530516324,1.6734106335741224e-05,90,3.2064403891563416,0.21359997277432244,0.01821690797805786,0.0013298978978967054,0.6492346636757078,0.49275466722496275,4.699344135040573e-09,0.024744493152088126,13,0,11,282,0.19406331197096854,9.56658501350586e-09,0.00026038409515665047,0.830844116127379,"OrderedDict([('colsample_bylevel', 0.6492346636757078), ('colsample_bytree', 0.49275466722496275), ('gamma', 4.699344135040573e-09), ('learning_rate', 0.024744493152088126), ('max_delta_step', 13), ('max_depth', 0), ('min_child_weight', 11), ('n_estimators', 282), ('reg_alpha', 0.19406331197096854), ('reg_lambda', 9.56658501350586e-09), ('scale_pos_weight', 0.00026038409515665047), ('subsample', 0.830844116127379)])"
27,0.542109449428139,0.5392674378448459,0.5756648980627217,0.5571450136503459,0.5535466168417853,0.014464514018020942,48,2.335936427116394,0.12866026838953465,0.0266416072845459,0.005787574768444028,0.20158741606512037,0.8727089208659848,2.848436446592598e-07,0.33637313977448197,14,1,3,123,0.2144026513059918,0.8063281881172297,0.1025661808874709,0.545301670851043,"OrderedDict([('colsample_bylevel', 0.20158741606512037), ('colsample_bytree', 0.8727089208659848), ('gamma', 2.848436446592598e-07), ('learning_rate', 0.33637313977448197), ('max_delta_step', 14), ('max_depth', 1), ('min_child_weight', 3), ('n_estimators', 123), ('reg_alpha', 0.2144026513059918), ('reg_lambda', 0.8063281881172297), ('scale_pos_weight', 0.1025661808874709), ('subsample', 0.545301670851043)])"
28,0.4193161920560317,0.4193161920560317,0.4193161920560317,0.41935483870967744,0.4193258530516324,1.6734106335741224e-05,90,4.714846968650818,0.4774843105939248,0.028407633304595947,0.004695523138587554,0.5031226392302296,0.2672918316408002,2.855557633266961e-08,0.01,16,0,10,421,0.15599094293399896,351.58448326026354,0.0028394229620863193,0.2517141078630876,"OrderedDict([('colsample_bylevel', 0.5031226392302296), ('colsample_bytree', 0.2672918316408002), ('gamma', 2.855557633266961e-08), ('learning_rate', 0.01), ('max_delta_step', 16), ('max_depth', 0), ('min_child_weight', 10), ('n_estimators', 421), ('reg_alpha', 0.15599094293399896), ('reg_lambda', 351.58448326026354), ('scale_pos_weight', 0.0028394229620863193), ('subsample', 0.2517141078630876)])"
29,0.544371439323354,0.5178012505159157,0.5087534745381341,0.5438973666066432,0.5287055327360157,0.01575755418981113,64,5.17323625087738,0.14821736802793922,0.03364443778991699,0.002958653179133163,0.389060362119539,0.46804557868405233,2.4517506455324896e-08,0.15760310161288962,18,3,14,157,0.9007740810703333,0.004086358184638317,6.664385506844822,0.7851927761996269,"OrderedDict([('colsample_bylevel', 0.389060362119539), ('colsample_bytree', 0.46804557868405233), ('gamma', 2.4517506455324896e-08), ('learning_rate', 0.15760310161288962), ('max_delta_step', 18), ('max_depth', 3), ('min_child_weight', 14), ('n_estimators', 157), ('reg_alpha', 0.9007740810703333), ('reg_lambda', 0.004086358184638317), ('scale_pos_weight', 6.664385506844822), ('subsample', 0.7851927761996269)])"
30,0.5519340326592754,0.5025630181902425,0.5101578713497978,0.5386635475416048,0.5258293217429945,0.02020588384729198,66,9.958735644817352,0.7952971382426703,0.037581443786621094,0.009961615641419284,1.0,0.48683464911863616,0.013290171090132247,0.843825996439353,6,1,8,487,0.01969310415583008,1.4609090727941912e-06,0.009562262602031432,0.6445625993694343,"OrderedDict([('colsample_bylevel', 1.0), ('colsample_bytree', 0.48683464911863616), ('gamma', 0.013290171090132247), ('learning_rate', 0.843825996439353), ('max_delta_step', 6), ('max_depth', 1), ('min_child_weight', 8), ('n_estimators', 487), ('reg_alpha', 0.01969310415583008), ('reg_lambda', 1.4609090727941912e-06), ('scale_pos_weight', 0.009562262602031432), ('subsample', 0.6445625993694343)])"
31,0.5680602899946579,0.5522955013126112,0.5885065629514168,0.5545424718857233,0.5658514670880145,0.014403100182508967,21,4.543281376361847,0.2192689475129378,0.03651750087738037,0.003176859607560119,1.0,0.4575813297928823,9.913522212392976e-07,0.05307854805035891,3,1,5,271,0.3089037029161899,0.00011250019381817116,0.058390085930059066,0.20655760146000157,"OrderedDict([('colsample_bylevel', 1.0), ('colsample_bytree', 0.4575813297928823), ('gamma', 9.913522212392976e-07), ('learning_rate', 0.05307854805035891), ('max_delta_step', 3), ('max_depth', 1), ('min_child_weight', 5), ('n_estimators', 271), ('reg_alpha', 0.3089037029161899), ('reg_lambda', 0.00011250019381817116), ('scale_pos_weight', 0.058390085930059066), ('subsample', 0.20655760146000157)])"
32,0.4193161920560317,0.4193161920560317,0.4193161920560317,0.41935483870967744,0.4193258530516324,1.6734106335741224e-05,90,2.9703369736671448,0.14577724432810904,0.022719085216522217,0.006261475681686419,0.5099566169541033,0.7199373062150234,0.08924002563854319,0.907535750035618,0,1,11,197,0.4808786021319459,4.371272588539139e-09,5.1441011543171e-06,0.06436758524128951,"OrderedDict([('colsample_bylevel', 0.5099566169541033), ('colsample_bytree', 0.7199373062150234), ('gamma', 0.08924002563854319), ('learning_rate', 0.907535750035618), ('max_delta_step', 0), ('max_depth', 1), ('min_child_weight', 11), ('n_estimators', 197), ('reg_alpha', 0.4808786021319459), ('reg_lambda', 4.371272588539139e-09), ('scale_pos_weight', 5.1441011543171e-06), ('subsample', 0.06436758524128951)])"
33,0.4193161920560317,0.4193161920560317,0.4193161920560317,0.41935483870967744,0.4193258530516324,1.6734106335741224e-05,90,1.0355340242385864,0.14656883509107244,0.02535867691040039,0.003803552519202034,0.23455561713384995,0.03944931011023293,0.0005360606350199354,0.3390530239021879,2,3,2,69,0.40480261438801035,84.07381205192983,0.016476190022095178,0.014723594730431104,"OrderedDict([('colsample_bylevel', 0.23455561713384995), ('colsample_bytree', 0.03944931011023293), ('gamma', 0.0005360606350199354), ('learning_rate', 0.3390530239021879), ('max_delta_step', 2), ('max_depth', 3), ('min_child_weight', 2), ('n_estimators', 69), ('reg_alpha', 0.40480261438801035), ('reg_lambda', 84.07381205192983), ('scale_pos_weight', 0.016476190022095178), ('subsample', 0.014723594730431104)])"
34,0.5574506175818013,0.5420847614013296,0.5225243051898554,0.5515857991012618,0.5434111824806988,0.013247274673153012,57,2.457072138786316,0.2273058339575274,0.02945619821548462,0.005823879064758336,0.6756431672595415,0.04951034190222042,0.0013233266142618607,0.13982970659953164,7,3,3,109,0.1501535601275898,7.50503145601228e-08,0.4564910313258682,0.7557181043749374,"OrderedDict([('colsample_bylevel', 0.6756431672595415), ('colsample_bytree', 0.04951034190222042), ('gamma', 0.0013233266142618607), ('learning_rate', 0.13982970659953164), ('max_delta_step', 7), ('max_depth', 3), ('min_child_weight', 3), ('n_estimators', 109), ('reg_alpha', 0.1501535601275898), ('reg_lambda', 7.50503145601228e-08), ('scale_pos_weight', 0.4564910313258682), ('subsample', 0.7557181043749374)])"
35,0.5326019331397619,0.4677200556729782,0.43170445095581433,0.546519031201701,0.494635172372118,0.0469522736826673,76,14.462816953659058,0.497121853103921,0.039276957511901855,0.0032253018752921225,0.6772172639432441,0.600188132007155,0.00013991523265444305,0.11098495218149493,10,4,15,287,0.15799090427112658,0.060473297204292516,3.266750930221738,0.9090686792528028,"OrderedDict([('colsample_bylevel', 0.6772172639432441), ('colsample_bytree', 0.600188132007155), ('gamma', 0.00013991523265444305), ('learning_rate', 0.11098495218149493), ('max_delta_step', 10), ('max_depth', 4), ('min_child_weight', 15), ('n_estimators', 287), ('reg_alpha', 0.15799090427112658), ('reg_lambda', 0.060473297204292516), ('scale_pos_weight', 3.266750930221738), ('subsample', 0.9090686792528028)])"
36,0.5479731445023617,0.5316388582903075,0.5122560589120058,0.5382061152267562,0.5325184131918931,0.013062810152115188,63,6.320575296878815,0.6825206420816662,0.03430885076522827,0.008312520394211997,1.0,0.36791299893431884,0.018699231474825464,0.4934005214270372,8,1,15,373,0.2612049557727226,92.67294054835564,96.08130463020355,0.2946892503043319,"OrderedDict([('colsample_bylevel', 1.0), ('colsample_bytree', 0.36791299893431884), ('gamma', 0.018699231474825464), ('learning_rate', 0.4934005214270372), ('max_delta_step', 8), ('max_depth', 1), ('min_child_weight', 15), ('n_estimators', 373), ('reg_alpha', 0.2612049557727226), ('reg_lambda', 92.67294054835564), ('scale_pos_weight', 96.08130463020355), ('subsample', 0.2946892503043319)])"
37,0.4193161920560317,0.4193161920560317,0.4193161920560317,0.41935483870967744,0.4193258530516324,1.6734106335741224e-05,90,3.5803884267807007,0.2176221440176447,0.026352643966674805,0.007988962964340878,0.629995190361447,0.9870485251614902,1.7329146207383e-06,0.11229432755670456,5,1,4,191,0.1920798312087081,0.0001884084665709719,4.2638616005545e-06,0.12413026464700772,"OrderedDict([('colsample_bylevel', 0.629995190361447), ('colsample_bytree', 0.9870485251614902), ('gamma', 1.7329146207383e-06), ('learning_rate', 0.11229432755670456), ('max_delta_step', 5), ('max_depth', 1), ('min_child_weight', 4), ('n_estimators', 191), ('reg_alpha', 0.1920798312087081), ('reg_lambda', 0.0001884084665709719), ('scale_pos_weight', 4.2638616005545e-06), ('subsample', 0.12413026464700772)])"
38,0.514373414470801,0.47875323401647296,0.48517701797639196,0.512717458074605,0.49775493640777596,0.015963414783460715,75,7.120492041110992,0.4656162431985253,0.03369152545928955,0.003773104793834202,0.6660150928506787,0.7065474989938577,3.413267975840488e-05,0.44987903777302013,8,1,6,416,0.49480101459731346,0.05425351487229573,0.2884919834355625,0.0465405581795567,"OrderedDict([('colsample_bylevel', 0.6660150928506787), ('colsample_bytree', 0.7065474989938577), ('gamma', 3.413267975840488e-05), ('learning_rate', 0.44987903777302013), ('max_delta_step', 8), ('max_depth', 1), ('min_child_weight', 6), ('n_estimators', 416), ('reg_alpha', 0.49480101459731346), ('reg_lambda', 0.05425351487229573), ('scale_pos_weight', 0.2884919834355625), ('subsample', 0.0465405581795567)])"
39,0.5662993692222866,0.5560835445641624,0.5968845790254023,0.557032934963037,0.569075384393944,0.016544469750478973,6,4.306710064411163,0.4172979970386421,0.02276921272277832,0.0017901589035684384,0.9023164552256656,0.08413311925357647,0.006778662066724984,0.047257088160079244,11,1,11,247,0.26363621008381544,1.1682636958626827e-05,0.06279627844724765,0.7886425172941279,"OrderedDict([('colsample_bylevel', 0.9023164552256656), ('colsample_bytree', 0.08413311925357647), ('gamma', 0.006778662066724984), ('learning_rate', 0.047257088160079244), ('max_delta_step', 11), ('max_depth', 1), ('min_child_weight', 11), ('n_estimators', 247), ('reg_alpha', 0.26363621008381544), ('reg_lambda', 1.1682636958626827e-05), ('scale_pos_weight', 0.06279627844724765), ('subsample', 0.7886425172941279)])"
40,0.551866029646953,0.477969865426468,0.4625284250598861,0.5436510744483046,0.5090030503774076,0.039245067318730543,73,13.91492772102356,0.3029444931011356,0.03440147638320923,0.008320326349453035,0.9946583148175276,0.8005597151281213,0.3311557019733152,0.20557039925075843,12,3,4,275,0.1364200327919983,0.04502151203657822,0.015062995589064775,0.5842005918346156,"OrderedDict([('colsample_bylevel', 0.9946583148175276), ('colsample_bytree', 0.8005597151281213), ('gamma', 0.3311557019733152), ('learning_rate', 0.20557039925075843), ('max_delta_step', 12), ('max_depth', 3), ('min_child_weight', 4), ('n_estimators', 275), ('reg_alpha', 0.1364200327919983), ('reg_lambda', 0.04502151203657822), ('scale_pos_weight', 0.015062995589064775), ('subsample', 0.5842005918346156)])"
41,0.5492751651580057,0.5087501443799045,0.5240918390420062,0.5515658175882673,0.5334203234816343,0.017862477296312664,62,3.908187508583069,0.3165426669611005,0.03171354532241821,0.0048753197598378996,0.5909786857776486,0.13134406358797082,1.3288711023759908e-05,0.28600997756115487,17,4,5,208,0.19949728113327433,0.06094198332741217,0.012041089606055133,0.18162757370021393,"OrderedDict([('colsample_bylevel', 0.5909786857776486), ('colsample_bytree', 0.13134406358797082), ('gamma', 1.3288711023759908e-05), ('learning_rate', 0.28600997756115487), ('max_delta_step', 17), ('max_depth', 4), ('min_child_weight', 5), ('n_estimators', 208), ('reg_alpha', 0.19949728113327433), ('reg_lambda', 0.06094198332741217), ('scale_pos_weight', 0.012041089606055133), ('subsample', 0.18162757370021393)])"
42,0.526343245355551,0.5257738896444177,0.5735231216012295,0.521869653240371,0.536877823238892,0.021227449798331542,60,1.6044065356254578,0.15626887423735802,0.02670973539352417,0.00458891966142911,0.4848942389193216,0.8691262271407437,1.0643841707919497e-07,0.2891728669351389,10,1,15,84,0.21674207922651098,0.0016347521162643555,0.039060693062252336,0.05778142836015159,"OrderedDict([('colsample_bylevel', 0.4848942389193216), ('colsample_bytree', 0.8691262271407437), ('gamma', 1.0643841707919497e-07), ('learning_rate', 0.2891728669351389), ('max_delta_step', 10), ('max_depth', 1), ('min_child_weight', 15), ('n_estimators', 84), ('reg_alpha', 0.21674207922651098), ('reg_lambda', 0.0016347521162643555), ('scale_pos_weight', 0.039060693062252336), ('subsample', 0.05778142836015159)])"
43,0.5644647348536338,0.5450704447529495,0.5764987612247803,0.5473968677465706,0.5583579546808151,0.012875259005759946,35,6.515289783477783,0.11417151050839754,0.030542850494384766,0.00296354126469848,0.6179209617096313,0.8186716394036134,1.782306283239464e-09,0.045829460564076864,17,1,4,409,0.20721784648074584,4.5930210684835444e-08,0.17159582572692017,0.047607501210737486,"OrderedDict([('colsample_bylevel', 0.6179209617096313), ('colsample_bytree', 0.8186716394036134), ('gamma', 1.782306283239464e-09), ('learning_rate', 0.045829460564076864), ('max_delta_step', 17), ('max_depth', 1), ('min_child_weight', 4), ('n_estimators', 409), ('reg_alpha', 0.20721784648074584), ('reg_lambda', 4.5930210684835444e-08), ('scale_pos_weight', 0.17159582572692017), ('subsample', 0.047607501210737486)])"
44,0.5541333671281927,0.54750304125044,0.5773984218230385,0.5497250014209744,0.5571901298973783,0.011908973771296336,41,6.18149721622467,0.16181791143855817,0.03186798095703125,0.003504522865056728,0.3216659065747159,0.43205983658567876,2.329672055007083e-06,0.01,13,1,0,364,0.17371646195908627,68.40278449298653,0.05636225590036887,0.8002320624976199,"OrderedDict([('colsample_bylevel', 0.3216659065747159), ('colsample_bytree', 0.43205983658567876), ('gamma', 2.329672055007083e-06), ('learning_rate', 0.01), ('max_delta_step', 13), ('max_depth', 1), ('min_child_weight', 0), ('n_estimators', 364), ('reg_alpha', 0.17371646195908627), ('reg_lambda', 68.40278449298653), ('scale_pos_weight', 0.05636225590036887), ('subsample', 0.8002320624976199)])"
45,0.53964074259993,0.4937708445986445,0.5061696299407383,0.5561070243137788,0.5239213188255002,0.02503575329164721,68,12.161109328269958,0.6861479359037949,0.04197567701339722,0.014215950197451099,0.26409830122793865,0.8448616832324732,1.6237593549552577e-05,0.47844075531967833,20,4,15,500,0.21712793900637858,36.188740504785876,0.006801040059055081,0.781811199994965,"OrderedDict([('colsample_bylevel', 0.26409830122793865), ('colsample_bytree', 0.8448616832324732), ('gamma', 1.6237593549552577e-05), ('learning_rate', 0.47844075531967833), ('max_delta_step', 20), ('max_depth', 4), ('min_child_weight', 15), ('n_estimators', 500), ('reg_alpha', 0.21712793900637858), ('reg_lambda', 36.188740504785876), ('scale_pos_weight', 0.006801040059055081), ('subsample', 0.781811199994965)])"
46,0.5596006639572924,0.554107422371479,0.597873505242516,0.551519499910171,0.5657756013216919,0.018760342615030512,22,4.875509440898895,0.19432195118749507,0.0301133394241333,0.007005001627993119,0.6193751173930887,0.1739144978667339,0.0009333098531006965,0.01,7,1,12,324,0.2041164482918225,29.084229857427516,0.28185205480578523,0.41954381965065385,"OrderedDict([('colsample_bylevel', 0.6193751173930887), ('colsample_bytree', 0.1739144978667339), ('gamma', 0.0009333098531006965), ('learning_rate', 0.01), ('max_delta_step', 7), ('max_depth', 1), ('min_child_weight', 12), ('n_estimators', 324), ('reg_alpha', 0.2041164482918225), ('reg_lambda', 29.084229857427516), ('scale_pos_weight', 0.28185205480578523), ('subsample', 0.41954381965065385)])"
47,0.5646562484432986,0.5439407694992391,0.5770530029021816,0.5600748514256773,0.5614312493181265,0.011855476448887204,32,4.720141172409058,0.25666295082596674,0.03171497583389282,0.005812515091714168,0.377610896506871,0.6842121531024787,1e-09,0.01907376811598575,12,3,4,177,0.09407993144065817,1.3206871366969444,0.07043527797380943,0.2777118610077405,"OrderedDict([('colsample_bylevel', 0.377610896506871), ('colsample_bytree', 0.6842121531024787), ('gamma', 1e-09), ('learning_rate', 0.01907376811598575), ('max_delta_step', 12), ('max_depth', 3), ('min_child_weight', 4), ('n_estimators', 177), ('reg_alpha', 0.09407993144065817), ('reg_lambda', 1.3206871366969444), ('scale_pos_weight', 0.07043527797380943), ('subsample', 0.2777118610077405)])"
48,0.5614731495393546,0.5389245857097258,0.5750694594028214,0.5572023992272951,0.558167420703268,0.012921300448817235,36,1.9011772871017456,0.15937705282214543,0.026952683925628662,0.00449823405767026,0.2332737569640197,0.8290905907661882,5.950361526985423e-07,0.06655868645897717,18,3,11,50,0.08064381862356751,5.0229523515190546e-09,1.1791455303590934,0.8831680259379808,"OrderedDict([('colsample_bylevel', 0.2332737569640197), ('colsample_bytree', 0.8290905907661882), ('gamma', 5.950361526985423e-07), ('learning_rate', 0.06655868645897717), ('max_delta_step', 18), ('max_depth', 3), ('min_child_weight', 11), ('n_estimators', 50), ('reg_alpha', 0.08064381862356751), ('reg_lambda', 5.0229523515190546e-09), ('scale_pos_weight', 1.1791455303590934), ('subsample', 0.8831680259379808)])"
49,0.5681393613827685,0.5380897443249171,0.5624254970937769,0.5529778574889339,0.5554081710654472,0.011370705467476334,43,10.745535731315613,0.4375705885910325,0.03770256042480469,0.003733759594958372,0.8922151393605374,0.27737657010074784,1.5293012438957246e-09,0.02595035441668065,10,3,14,461,0.0017651201213472717,5.816216797873981e-09,1.1005347247120962,0.12074554105245627,"OrderedDict([('colsample_bylevel', 0.8922151393605374), ('colsample_bytree', 0.27737657010074784), ('gamma', 1.5293012438957246e-09), ('learning_rate', 0.02595035441668065), ('max_delta_step', 10), ('max_depth', 3), ('min_child_weight', 14), ('n_estimators', 461), ('reg_alpha', 0.0017651201213472717), ('reg_lambda', 5.816216797873981e-09), ('scale_pos_weight', 1.1005347247120962), ('subsample', 0.12074554105245627)])"
50,0.5635554846352995,0.5556461304417308,0.6057444990898724,0.5543553941034255,0.5698257334941647,0.021035000636452476,2,5.90974098443985,0.3821075682913722,0.032945871353149414,0.002300361932187672,0.9099399154266918,0.29024132043021783,0.00026196154661295315,0.021019017948933603,16,1,8,326,7.38663742437878e-08,0.026291876659829416,0.05185533974478115,0.5338797567959771,"OrderedDict([('colsample_bylevel', 0.9099399154266918), ('colsample_bytree', 0.29024132043021783), ('gamma', 0.00026196154661295315), ('learning_rate', 0.021019017948933603), ('max_delta_step', 16), ('max_depth', 1), ('min_child_weight', 8), ('n_estimators', 326), ('reg_alpha', 7.38663742437878e-08), ('reg_lambda', 0.026291876659829416), ('scale_pos_weight', 0.05185533974478115), ('subsample', 0.5338797567959771)])"
51,0.5183467594680646,0.523861022909123,0.5579402934037381,0.5391166831104907,0.5348160906399938,0.015366329127480946,61,8.155986189842224,0.3385676042888599,0.03210556507110596,0.0033851289012173883,0.9796570038371053,0.8613515709171929,0.010889806261251129,0.01,15,3,0,237,0.05840741611951084,2.9650944455315624e-09,0.11015946974605491,0.06599005462976024,"OrderedDict([('colsample_bylevel', 0.9796570038371053), ('colsample_bytree', 0.8613515709171929), ('gamma', 0.010889806261251129), ('learning_rate', 0.01), ('max_delta_step', 15), ('max_depth', 3), ('min_child_weight', 0), ('n_estimators', 237), ('reg_alpha', 0.05840741611951084), ('reg_lambda', 2.9650944455315624e-09), ('scale_pos_weight', 0.11015946974605491), ('subsample', 0.06599005462976024)])"
52,0.5692007830205631,0.5489871146224272,0.5814304987109821,0.557095035066272,0.5641785210539826,0.0122863515632716,24,13.898901343345642,0.579026838495162,0.045898377895355225,0.009241917580355707,0.8437322634020055,0.3914229283311682,0.00965006012696024,0.01490799131203549,19,4,9,342,8.00796315268398e-06,3.198699742886834e-09,0.003225429525276306,0.7519441377538437,"OrderedDict([('colsample_bylevel', 0.8437322634020055), ('colsample_bytree', 0.3914229283311682), ('gamma', 0.00965006012696024), ('learning_rate', 0.01490799131203549), ('max_delta_step', 19), ('max_depth', 4), ('min_child_weight', 9), ('n_estimators', 342), ('reg_alpha', 8.00796315268398e-06), ('reg_lambda', 3.198699742886834e-09), ('scale_pos_weight', 0.003225429525276306), ('subsample', 0.7519441377538437)])"
53,0.5346078963013671,0.5289708364065797,0.5998873837838429,0.5388760315649773,0.5505858067998161,0.02868069066753443,54,11.576391994953156,0.7731863116012629,0.03996932506561279,0.00855967079791167,0.7503780276824303,0.6541442125812149,7.490476706681199e-07,0.015114689207129071,1,4,9,468,0.39749858428400403,0.0035096648472958984,0.012661242063819973,0.11517664566978697,"OrderedDict([('colsample_bylevel', 0.7503780276824303), ('colsample_bytree', 0.6541442125812149), ('gamma', 7.490476706681199e-07), ('learning_rate', 0.015114689207129071), ('max_delta_step', 1), ('max_depth', 4), ('min_child_weight', 9), ('n_estimators', 468), ('reg_alpha', 0.39749858428400403), ('reg_lambda', 0.0035096648472958984), ('scale_pos_weight', 0.012661242063819973), ('subsample', 0.11517664566978697)])"
54,0.5631795828712092,0.5441602984411873,0.5647970269124175,0.5364787551888177,0.5521542770072605,0.012155380944383062,50,2.8534348607063293,0.4294288151717966,0.02410447597503662,0.006181785430114024,1.0,0.5130094335677446,6.929902266520167e-06,0.04430101240906417,13,4,8,70,1e-09,0.00034923853051083446,0.0001487016991749298,0.9394381710830282,"OrderedDict([('colsample_bylevel', 1.0), ('colsample_bytree', 0.5130094335677446), ('gamma', 6.929902266520167e-06), ('learning_rate', 0.04430101240906417), ('max_delta_step', 13), ('max_depth', 4), ('min_child_weight', 8), ('n_estimators', 70), ('reg_alpha', 1e-09), ('reg_lambda', 0.00034923853051083446), ('scale_pos_weight', 0.0001487016991749298), ('subsample', 0.9394381710830282)])"
55,0.5477136766186241,0.5369126111494648,0.5923214031263654,0.5440278552810405,0.5552441449599109,0.021756110287798235,44,1.0685584545135498,0.1239588437067054,0.024478554725646973,0.004008795514282991,0.057175918886103586,0.31503468904122595,0.0034390633557601843,0.04329063619034526,19,1,3,50,0.002453441431451267,1000.0,0.7931868784341549,0.9995878920310649,"OrderedDict([('colsample_bylevel', 0.057175918886103586), ('colsample_bytree', 0.31503468904122595), ('gamma', 0.0034390633557601843), ('learning_rate', 0.04329063619034526), ('max_delta_step', 19), ('max_depth', 1), ('min_child_weight', 3), ('n_estimators', 50), ('reg_alpha', 0.002453441431451267), ('reg_lambda', 1000.0), ('scale_pos_weight', 0.7931868784341549), ('subsample', 0.9995878920310649)])"
56,0.5619182304305713,0.5537802938769769,0.6077169334402351,0.5515538734447147,0.5687427288182004,0.02283043155052183,8,3.978209614753723,0.3268682923076821,0.02396637201309204,0.00312011714495193,0.8875825003288683,0.8744982151101405,6.059943675674797e-05,0.028245599073220065,2,1,7,194,0.003385124446085053,9.009901664869093e-09,0.039839197534020265,0.24064619385922476,"OrderedDict([('colsample_bylevel', 0.8875825003288683), ('colsample_bytree', 0.8744982151101405), ('gamma', 6.059943675674797e-05), ('learning_rate', 0.028245599073220065), ('max_delta_step', 2), ('max_depth', 1), ('min_child_weight', 7), ('n_estimators', 194), ('reg_alpha', 0.003385124446085053), ('reg_lambda', 9.009901664869093e-09), ('scale_pos_weight', 0.039839197534020265), ('subsample', 0.24064619385922476)])"
57,0.5626036236281071,0.5549148654046625,0.5971990222782396,0.5545188848203862,0.5673093937178756,0.017555404745326325,14,7.9228174686431885,0.33966456207217566,0.030481159687042236,0.005457903216296831,0.4532978722457616,0.6736903391617352,0.49999999999999994,0.020786410404843733,12,1,14,500,3.302180261401988e-08,4.008364989158594,0.39756060986583625,0.5509321717069995,"OrderedDict([('colsample_bylevel', 0.4532978722457616), ('colsample_bytree', 0.6736903391617352), ('gamma', 0.49999999999999994), ('learning_rate', 0.020786410404843733), ('max_delta_step', 12), ('max_depth', 1), ('min_child_weight', 14), ('n_estimators', 500), ('reg_alpha', 3.302180261401988e-08), ('reg_lambda', 4.008364989158594), ('scale_pos_weight', 0.39756060986583625), ('subsample', 0.5509321717069995)])"
58,0.5592764653054793,0.5546396917691703,0.594951881402651,0.5566793281243914,0.5663870653103895,0.016573826709245048,18,8.50000375509262,0.30827718305256663,0.03168988227844238,0.002615645371258319,0.9541126871980253,0.648307520252783,0.49999999999999994,0.02876326397853337,19,1,6,429,8.371405457002873e-08,0.012503704684311485,0.12227595545437489,0.4836423276383521,"OrderedDict([('colsample_bylevel', 0.9541126871980253), ('colsample_bytree', 0.648307520252783), ('gamma', 0.49999999999999994), ('learning_rate', 0.02876326397853337), ('max_delta_step', 19), ('max_depth', 1), ('min_child_weight', 6), ('n_estimators', 429), ('reg_alpha', 8.371405457002873e-08), ('reg_lambda', 0.012503704684311485), ('scale_pos_weight', 0.12227595545437489), ('subsample', 0.4836423276383521)])"
59,0.56416839367198,0.5557573429784558,0.6065036521484526,0.5536620797514686,0.5700232440882007,0.021426156426198547,1,3.898632049560547,0.41911819116198024,0.027093708515167236,0.006137703849607939,0.8670778238319029,0.308013084387792,4.94324621709014e-05,0.034219647100322034,13,1,6,222,1.181255393227698e-06,0.00023167715385728166,0.022726343084289613,0.36636601465217505,"OrderedDict([('colsample_bylevel', 0.8670778238319029), ('colsample_bytree', 0.308013084387792), ('gamma', 4.94324621709014e-05), ('learning_rate', 0.034219647100322034), ('max_delta_step', 13), ('max_depth', 1), ('min_child_weight', 6), ('n_estimators', 222), ('reg_alpha', 1.181255393227698e-06), ('reg_lambda', 0.00023167715385728166), ('scale_pos_weight', 0.022726343084289613), ('subsample', 0.36636601465217505)])"
60,0.5554941503956654,0.5520727188084322,0.590291982524106,0.5549918293666299,0.5632128596809132,0.01568886468368491,28,9.916787981987,0.8280996493042793,0.026347100734710693,0.004345294598203979,0.7630002948693043,0.5704664569420039,1.195097768988277e-07,0.02993649871680086,15,1,8,473,1.4301009084873852e-07,0.0008802513495990755,0.06435880579384932,0.9870212910259967,"OrderedDict([('colsample_bylevel', 0.7630002948693043), ('colsample_bytree', 0.5704664569420039), ('gamma', 1.195097768988277e-07), ('learning_rate', 0.02993649871680086), ('max_delta_step', 15), ('max_depth', 1), ('min_child_weight', 8), ('n_estimators', 473), ('reg_alpha', 1.4301009084873852e-07), ('reg_lambda', 0.0008802513495990755), ('scale_pos_weight', 0.06435880579384932), ('subsample', 0.9870212910259967)])"
61,0.4193161920560317,0.4193161920560317,0.4193161920560317,0.41935483870967744,0.4193258530516324,1.6734106335741224e-05,90,8.857681930065155,0.2935999509711847,0.021018028259277344,0.0036127149824256603,1.0,0.8483599565296313,0.09222593778910979,0.01,3,4,15,198,0.000509487056162395,7.59544441176248e-09,0.00047675681137236963,0.18587889911099265,"OrderedDict([('colsample_bylevel', 1.0), ('colsample_bytree', 0.8483599565296313), ('gamma', 0.09222593778910979), ('learning_rate', 0.01), ('max_delta_step', 3), ('max_depth', 4), ('min_child_weight', 15), ('n_estimators', 198), ('reg_alpha', 0.000509487056162395), ('reg_lambda', 7.59544441176248e-09), ('scale_pos_weight', 0.00047675681137236963), ('subsample', 0.18587889911099265)])"
62,0.5450549614182758,0.5385317160172001,0.5806779530028656,0.5431703594058255,0.5518589476404777,0.016807401964353482,53,5.620164752006531,0.2297360952461443,0.02900111675262451,0.004693833254141388,0.30963007457535735,0.8088496740255134,1.2719876175109549e-08,0.07059181474517517,20,4,10,340,4.82807038829795e-07,1.0248226634073018e-08,0.0006585204401502341,0.2578905708077681,"OrderedDict([('colsample_bylevel', 0.30963007457535735), ('colsample_bytree', 0.8088496740255134), ('gamma', 1.2719876175109549e-08), ('learning_rate', 0.07059181474517517), ('max_delta_step', 20), ('max_depth', 4), ('min_child_weight', 10), ('n_estimators', 340), ('reg_alpha', 4.82807038829795e-07), ('reg_lambda', 1.0248226634073018e-08), ('scale_pos_weight', 0.0006585204401502341), ('subsample', 0.2578905708077681)])"
63,0.5617668408707728,0.5473494462828505,0.5896310174534205,0.5553419556267332,0.5635225035329605,0.015915740420616196,26,4.910823106765747,0.30680981904490995,0.031041324138641357,0.003180097249308052,1.0,0.255152176073374,0.17755125703427885,0.09318045093740975,18,1,9,283,0.00032717896579801455,1.864371371845189e-09,0.026877682440316162,0.38350151744680244,"OrderedDict([('colsample_bylevel', 1.0), ('colsample_bytree', 0.255152176073374), ('gamma', 0.17755125703427885), ('learning_rate', 0.09318045093740975), ('max_delta_step', 18), ('max_depth', 1), ('min_child_weight', 9), ('n_estimators', 283), ('reg_alpha', 0.00032717896579801455), ('reg_lambda', 1.864371371845189e-09), ('scale_pos_weight', 0.026877682440316162), ('subsample', 0.38350151744680244)])"
64,0.5628219008581483,0.5543808919730968,0.6080518153396632,0.553774821660313,0.5697577256935448,0.02239679603392227,3,6.306418597698212,0.3284229326838461,0.030470192432403564,0.003196736265840682,1.0,0.5658089217440732,6.441309613121227e-08,0.02245247192805739,12,1,11,295,0.2939541969778619,1.005327182356731e-07,0.08437107837900296,0.4334468002290014,"OrderedDict([('colsample_bylevel', 1.0), ('colsample_bytree', 0.5658089217440732), ('gamma', 6.441309613121227e-08), ('learning_rate', 0.02245247192805739), ('max_delta_step', 12), ('max_depth', 1), ('min_child_weight', 11), ('n_estimators', 295), ('reg_alpha', 0.2939541969778619), ('reg_lambda', 1.005327182356731e-07), ('scale_pos_weight', 0.08437107837900296), ('subsample', 0.4334468002290014)])"
65,0.5548219724662444,0.5052127070553105,0.5520343996503783,0.5559538494494378,0.5420054107923656,0.02129043625207848,58,23.058081686496735,0.5730013814935369,0.04273933172225952,0.009998890487772806,0.7452181794100301,0.844573655806263,2.909231727996839e-08,0.023914720371413692,12,4,8,443,3.5286286676918626e-09,1.0219344970761337,0.024928647160959518,0.6440747742578907,"OrderedDict([('colsample_bylevel', 0.7452181794100301), ('colsample_bytree', 0.844573655806263), ('gamma', 2.909231727996839e-08), ('learning_rate', 0.023914720371413692), ('max_delta_step', 12), ('max_depth', 4), ('min_child_weight', 8), ('n_estimators', 443), ('reg_alpha', 3.5286286676918626e-09), ('reg_lambda', 1.0219344970761337), ('scale_pos_weight', 0.024928647160959518), ('subsample', 0.6440747742578907)])"
66,0.5711707690465635,0.5542762844499487,0.5847109670969173,0.5585198165276035,0.567169658567007,0.011882459448810955,15,8.511014223098755,0.5120982841837056,0.03324174880981445,0.006197317299343387,1.0,0.09882839433700397,0.002246247598773888,0.016963612960535463,13,2,2,492,5.549405148339016e-06,1.3383876445318748,0.08319711921007895,0.26097560380561224,"OrderedDict([('colsample_bylevel', 1.0), ('colsample_bytree', 0.09882839433700397), ('gamma', 0.002246247598773888), ('learning_rate', 0.016963612960535463), ('max_delta_step', 13), ('max_depth', 2), ('min_child_weight', 2), ('n_estimators', 492), ('reg_alpha', 5.549405148339016e-06), ('reg_lambda', 1.3383876445318748), ('scale_pos_weight', 0.08319711921007895), ('subsample', 0.26097560380561224)])"
67,0.5297350844874686,0.5381498307142741,0.5916858829609177,0.5479541377330321,0.5518813244537574,0.02386884277251271,52,1.426841139793396,0.17208520246692688,0.01927781105041504,0.0033686541683676974,1.0,0.03721989863696505,0.49999999999999994,0.026497875488805438,10,1,1,78,6.646294512852978e-07,2.9458094384637213e-06,0.027328193742310054,0.7872258069908841,"OrderedDict([('colsample_bylevel', 1.0), ('colsample_bytree', 0.03721989863696505), ('gamma', 0.49999999999999994), ('learning_rate', 0.026497875488805438), ('max_delta_step', 10), ('max_depth', 1), ('min_child_weight', 1), ('n_estimators', 78), ('reg_alpha', 6.646294512852978e-07), ('reg_lambda', 2.9458094384637213e-06), ('scale_pos_weight', 0.027328193742310054), ('subsample', 0.7872258069908841)])"
68,0.5657644378348633,0.5566070672211609,0.5987959976704583,0.5554624238571655,0.569157797178428,0.01757151855935701,5,5.6247981786727905,0.2896779949269038,0.024813711643218994,0.002452834504192569,0.22099866454165487,0.3680964602903498,3.681004420039582e-05,0.0216370982299955,6,1,4,372,6.12791521807792e-07,1.8204730585701828e-07,0.10913127310868648,0.6507123026907186,"OrderedDict([('colsample_bylevel', 0.22099866454165487), ('colsample_bytree', 0.3680964602903498), ('gamma', 3.681004420039582e-05), ('learning_rate', 0.0216370982299955), ('max_delta_step', 6), ('max_depth', 1), ('min_child_weight', 4), ('n_estimators', 372), ('reg_alpha', 6.12791521807792e-07), ('reg_lambda', 1.8204730585701828e-07), ('scale_pos_weight', 0.10913127310868648), ('subsample', 0.6507123026907186)])"
69,0.5628770650111398,0.5550510124664213,0.6037204241006362,0.554433597780509,0.5690208609207553,0.020308675636371842,7,7.271928429603577,0.23471365252862345,0.029199838638305664,0.004517867213011791,1.0,0.22114864942492826,0.003681919968950847,0.01506781792125988,7,1,10,442,0.04260490167619647,1.1395180862046182e-07,0.2912203455534901,0.5874824427638815,"OrderedDict([('colsample_bylevel', 1.0), ('colsample_bytree', 0.22114864942492826), ('gamma', 0.003681919968950847), ('learning_rate', 0.01506781792125988), ('max_delta_step', 7), ('max_depth', 1), ('min_child_weight', 10), ('n_estimators', 442), ('reg_alpha', 0.04260490167619647), ('reg_lambda', 1.1395180862046182e-07), ('scale_pos_weight', 0.2912203455534901), ('subsample', 0.5874824427638815)])"
70,0.5650179343973291,0.5491113973259438,0.5954839642329358,0.5491725988507249,0.5646968313699786,0.018920022370235212,23,4.683929443359375,0.2506994574728304,0.03099691867828369,0.005356475955092058,0.27366544531835396,0.07126781341121045,8.187922205406758e-07,0.010913425798033269,3,2,7,327,2.3454195987512815e-07,0.018670584332757797,10.154811833991287,0.14242374221223666,"OrderedDict([('colsample_bylevel', 0.27366544531835396), ('colsample_bytree', 0.07126781341121045), ('gamma', 8.187922205406758e-07), ('learning_rate', 0.010913425798033269), ('max_delta_step', 3), ('max_depth', 2), ('min_child_weight', 7), ('n_estimators', 327), ('reg_alpha', 2.3454195987512815e-07), ('reg_lambda', 0.018670584332757797), ('scale_pos_weight', 10.154811833991287), ('subsample', 0.14242374221223666)])"
71,0.5640435792429659,0.5511023653597273,0.5983166665222411,0.5531427756532051,0.5666516579304182,0.018932521349036384,16,5.2290462255477905,0.5323110970146766,0.026929140090942383,0.0040852117431004874,0.05109003393893031,0.44844846779161346,8.100723834391216e-05,0.015949572361126454,13,1,11,358,0.7237398839258548,0.04950062175093104,0.5350310445244796,0.5715219072861959,"OrderedDict([('colsample_bylevel', 0.05109003393893031), ('colsample_bytree', 0.44844846779161346), ('gamma', 8.100723834391216e-05), ('learning_rate', 0.015949572361126454), ('max_delta_step', 13), ('max_depth', 1), ('min_child_weight', 11), ('n_estimators', 358), ('reg_alpha', 0.7237398839258548), ('reg_lambda', 0.04950062175093104), ('scale_pos_weight', 0.5350310445244796), ('subsample', 0.5715219072861959)])"
72,0.5642458396244401,0.5520232253668018,0.6020932169752947,0.554506323299709,0.5682174672124215,0.020084876371133337,9,5.245123624801636,0.13558464421457556,0.02822732925415039,0.004005595044955431,0.7153488944531067,0.4854271451443945,1.0207339274653267e-05,0.03468215759549718,16,1,13,278,0.0005633475771315766,5.596166076864855e-09,0.0422785529838629,0.7443228177329868,"OrderedDict([('colsample_bylevel', 0.7153488944531067), ('colsample_bytree', 0.4854271451443945), ('gamma', 1.0207339274653267e-05), ('learning_rate', 0.03468215759549718), ('max_delta_step', 16), ('max_depth', 1), ('min_child_weight', 13), ('n_estimators', 278), ('reg_alpha', 0.0005633475771315766), ('reg_lambda', 5.596166076864855e-09), ('scale_pos_weight', 0.0422785529838629), ('subsample', 0.7443228177329868)])"
73,0.5650592309502804,0.5545589397725779,0.5940922657693698,0.5580019319314764,0.5679283208034857,0.01557297745441605,11,4.931143641471863,0.8010465102392113,0.02866542339324951,0.006477281285153278,0.39362712463939015,0.46982486497438875,0.001077923265084154,0.042299439217500914,14,1,13,312,0.009450816406584264,4.180514127816008e-05,0.041132494959993014,0.43863448431694874,"OrderedDict([('colsample_bylevel', 0.39362712463939015), ('colsample_bytree', 0.46982486497438875), ('gamma', 0.001077923265084154), ('learning_rate', 0.042299439217500914), ('max_delta_step', 14), ('max_depth', 1), ('min_child_weight', 13), ('n_estimators', 312), ('reg_alpha', 0.009450816406584264), ('reg_lambda', 4.180514127816008e-05), ('scale_pos_weight', 0.041132494959993014), ('subsample', 0.43863448431694874)])"
74,0.5574144225524396,0.5404447136616348,0.5895056869587203,0.552230299534301,0.5598989573576748,0.01816612406740898,33,9.979843437671661,0.5848997648413217,0.041352033615112305,0.007206576690974692,0.5784059708092876,0.23459724893392908,0.0006228575632117566,0.03078595235886507,17,4,10,487,1.4613539021610659e-08,3.458183736707415,0.005678632047281792,0.7192606717204285,"OrderedDict([('colsample_bylevel', 0.5784059708092876), ('colsample_bytree', 0.23459724893392908), ('gamma', 0.0006228575632117566), ('learning_rate', 0.03078595235886507), ('max_delta_step', 17), ('max_depth', 4), ('min_child_weight', 10), ('n_estimators', 487), ('reg_alpha', 1.4613539021610659e-08), ('reg_lambda', 3.458183736707415), ('scale_pos_weight', 0.005678632047281792), ('subsample', 0.7192606717204285)])"
75,0.5458848911432335,0.5552593992143743,0.6081935236516588,0.5546823496475526,0.5660053017876759,0.024639423640111607,20,5.208178639411926,0.24884666288338486,0.028744280338287354,0.004972713217685608,1.0,0.09457595023368334,0.0018778721868986628,0.03454019714048231,11,1,0,312,4.970849972541475e-07,1.3595060343584831e-06,0.04115474305668955,0.8351505854398049,"OrderedDict([('colsample_bylevel', 1.0), ('colsample_bytree', 0.09457595023368334), ('gamma', 0.0018778721868986628), ('learning_rate', 0.03454019714048231), ('max_delta_step', 11), ('max_depth', 1), ('min_child_weight', 0), ('n_estimators', 312), ('reg_alpha', 4.970849972541475e-07), ('reg_lambda', 1.3595060343584831e-06), ('scale_pos_weight', 0.04115474305668955), ('subsample', 0.8351505854398049)])"
76,0.5021380630525759,0.5042193440420345,0.5857347180962217,0.5187302944194987,0.5277058116926774,0.034107688310803616,65,6.624139130115509,0.7494215961978241,0.03042888641357422,0.0045911613610176,0.9533668104808364,0.7486097691131248,1.3115524632438426e-05,0.028020515925855197,4,1,14,337,0.732523818276207,0.003659934979274884,0.03930571318757195,0.018178063696166237,"OrderedDict([('colsample_bylevel', 0.9533668104808364), ('colsample_bytree', 0.7486097691131248), ('gamma', 1.3115524632438426e-05), ('learning_rate', 0.028020515925855197), ('max_delta_step', 4), ('max_depth', 1), ('min_child_weight', 14), ('n_estimators', 337), ('reg_alpha', 0.732523818276207), ('reg_lambda', 0.003659934979274884), ('scale_pos_weight', 0.03930571318757195), ('subsample', 0.018178063696166237)])"
77,0.5465466330508589,0.5422803283681094,0.60182014457079,0.5414224678380537,0.5580177758020817,0.025364049516347728,37,3.6241573095321655,0.11851044399368442,0.02434074878692627,0.0018386338324340816,0.6888961792970477,0.2826528285064094,0.04005607625087035,0.04094151164247205,14,1,9,224,0.0010331308642442913,1.3891882242693189e-05,0.04501740474202203,0.06191323989974782,"OrderedDict([('colsample_bylevel', 0.6888961792970477), ('colsample_bytree', 0.2826528285064094), ('gamma', 0.04005607625087035), ('learning_rate', 0.04094151164247205), ('max_delta_step', 14), ('max_depth', 1), ('min_child_weight', 9), ('n_estimators', 224), ('reg_alpha', 0.0010331308642442913), ('reg_lambda', 1.3891882242693189e-05), ('scale_pos_weight', 0.04501740474202203), ('subsample', 0.06191323989974782)])"
78,0.5471663596540258,0.5380706038089997,0.5897689727892225,0.5382238492653095,0.5533077939036877,0.021370851934151648,49,2.8422957062721252,0.18408667012105745,0.02664470672607422,0.003744092417268118,0.9639109362576784,0.5376982417839166,0.39525517597918913,0.01,6,2,10,68,0.3212904592253423,3.4259968844215696e-06,2.1976744567120896,0.8029729848741066,"OrderedDict([('colsample_bylevel', 0.9639109362576784), ('colsample_bytree', 0.5376982417839166), ('gamma', 0.39525517597918913), ('learning_rate', 0.01), ('max_delta_step', 6), ('max_depth', 2), ('min_child_weight', 10), ('n_estimators', 68), ('reg_alpha', 0.3212904592253423), ('reg_lambda', 3.4259968844215696e-06), ('scale_pos_weight', 2.1976744567120896), ('subsample', 0.8029729848741066)])"
79,0.5575764439339189,0.5353673056811059,0.5717941774774034,0.5537813204258621,0.5546298314287157,0.012991128286592237,45,20.937171518802643,0.5328562777912641,0.03682225942611694,0.004828509013998617,0.8800927180943044,0.8454537028264445,0.001162466946503975,0.01,0,3,12,359,0.06768728848066134,1.8697656486802305e-06,2.8919497858553305,0.6560695807878378,"OrderedDict([('colsample_bylevel', 0.8800927180943044), ('colsample_bytree', 0.8454537028264445), ('gamma', 0.001162466946503975), ('learning_rate', 0.01), ('max_delta_step', 0), ('max_depth', 3), ('min_child_weight', 12), ('n_estimators', 359), ('reg_alpha', 0.06768728848066134), ('reg_lambda', 1.8697656486802305e-06), ('scale_pos_weight', 2.8919497858553305), ('subsample', 0.6560695807878378)])"
80,0.533499346070192,0.47618352648883777,0.4160179593401176,0.5189427891518007,0.48616014997199924,0.04564880567639724,78,20.21641355752945,0.6356332238936394,0.08207249641418457,0.013065611204936116,0.8681923240848434,0.04263278489636823,6.741147012781796e-07,0.01,20,15,11,171,3.885492799687034e-09,3.4035052022669384e-08,499.99999999999994,1.0,"OrderedDict([('colsample_bylevel', 0.8681923240848434), ('colsample_bytree', 0.04263278489636823), ('gamma', 6.741147012781796e-07), ('learning_rate', 0.01), ('max_delta_step', 20), ('max_depth', 15), ('min_child_weight', 11), ('n_estimators', 171), ('reg_alpha', 3.885492799687034e-09), ('reg_lambda', 3.4035052022669384e-08), ('scale_pos_weight', 499.99999999999994), ('subsample', 1.0)])"
81,0.4204648704789449,0.4195744728891581,0.4205136635961626,0.4172314555330812,0.4194461666498439,0.0013321436258615152,89,1.7333319783210754,0.13289177859365517,0.027675271034240723,0.006584485953791169,0.7122394763326461,0.16933557681707068,0.00015096733111070817,0.012798017870853433,14,1,0,50,5.847348669464597e-05,2.4051277011616862e-08,499.99999999999994,0.15311780257696955,"OrderedDict([('colsample_bylevel', 0.7122394763326461), ('colsample_bytree', 0.16933557681707068), ('gamma', 0.00015096733111070817), ('learning_rate', 0.012798017870853433), ('max_delta_step', 14), ('max_depth', 1), ('min_child_weight', 0), ('n_estimators', 50), ('reg_alpha', 5.847348669464597e-05), ('reg_lambda', 2.4051277011616862e-08), ('scale_pos_weight', 499.99999999999994), ('subsample', 0.15311780257696955)])"
82,0.5435837904657689,0.5548146045180639,0.5946701154768788,0.5574637359024206,0.5626331806914371,0.019216720067340678,30,7.361346781253815,0.7484841424137577,0.03077983856201172,0.006981340063037202,0.8944947934809692,0.24719105006524508,0.003015627758981182,0.04622213211246668,11,1,1,334,1.7323577782143872e-05,0.38250102913058576,0.046208017737286035,0.4466582699446007,"OrderedDict([('colsample_bylevel', 0.8944947934809692), ('colsample_bytree', 0.24719105006524508), ('gamma', 0.003015627758981182), ('learning_rate', 0.04622213211246668), ('max_delta_step', 11), ('max_depth', 1), ('min_child_weight', 1), ('n_estimators', 334), ('reg_alpha', 1.7323577782143872e-05), ('reg_lambda', 0.38250102913058576), ('scale_pos_weight', 0.046208017737286035), ('subsample', 0.4466582699446007)])"
83,0.5545385492027,0.549854744183989,0.5995821043395781,0.5494001930685255,0.563344218960008,0.021018734141886306,27,15.910379707813263,1.1299567411092615,0.04244041442871094,0.004638882581946933,0.2440127085448126,0.46238054271030454,2.208592363563413e-06,0.02013917699946268,17,4,4,485,0.0016383552592219117,3.46855542419775e-05,0.0011546710898332332,0.9104373798694168,"OrderedDict([('colsample_bylevel', 0.2440127085448126), ('colsample_bytree', 0.46238054271030454), ('gamma', 2.208592363563413e-06), ('learning_rate', 0.02013917699946268), ('max_delta_step', 17), ('max_depth', 4), ('min_child_weight', 4), ('n_estimators', 485), ('reg_alpha', 0.0016383552592219117), ('reg_lambda', 3.46855542419775e-05), ('scale_pos_weight', 0.0011546710898332332), ('subsample', 0.9104373798694168)])"
84,0.562473358209143,0.555104910646832,0.596258973453537,0.5563388013063363,0.5675442690706693,0.016811922900865105,13,7.047933876514435,1.3324856251057335,0.026252150535583496,0.0021981676101037796,0.6230417856149227,0.38542309711061906,3.4359892561762884e-09,0.0433453723738113,20,1,10,300,0.00011209332262516507,1.1637963245196433e-06,0.11289298878775571,0.6216863363410857,"OrderedDict([('colsample_bylevel', 0.6230417856149227), ('colsample_bytree', 0.38542309711061906), ('gamma', 3.4359892561762884e-09), ('learning_rate', 0.0433453723738113), ('max_delta_step', 20), ('max_depth', 1), ('min_child_weight', 10), ('n_estimators', 300), ('reg_alpha', 0.00011209332262516507), ('reg_lambda', 1.1637963245196433e-06), ('scale_pos_weight', 0.11289298878775571), ('subsample', 0.6216863363410857)])"
85,0.5570578678227629,0.5500777039299567,0.5926163306100941,0.5484308785223093,0.5620460089050514,0.017944712399449742,31,3.3084006905555725,0.5712144135008818,0.026473045349121094,0.003498806689395057,0.40527580624431414,0.9046173090948373,1.3301259103972023e-06,0.039685990472525745,2,1,2,130,3.2120256461406184e-08,0.016098471547206287,0.028544131847287692,0.23173998413090807,"OrderedDict([('colsample_bylevel', 0.40527580624431414), ('colsample_bytree', 0.9046173090948373), ('gamma', 1.3301259103972023e-06), ('learning_rate', 0.039685990472525745), ('max_delta_step', 2), ('max_depth', 1), ('min_child_weight', 2), ('n_estimators', 130), ('reg_alpha', 3.2120256461406184e-08), ('reg_lambda', 0.016098471547206287), ('scale_pos_weight', 0.028544131847287692), ('subsample', 0.23173998413090807)])"
86,0.5624231446640324,0.5489367187380522,0.5890810344769615,0.5513393910862185,0.5629453396348408,0.01592402029129208,29,7.071643054485321,0.755710340178076,0.027535319328308105,0.003329970595965154,0.1913102515049894,0.1752825264821569,0.047478678895648344,0.018549226273126263,4,1,7,396,6.318076139665519e-06,87.2821604780087,0.14593606451677227,0.5216650057214275,"OrderedDict([('colsample_bylevel', 0.1913102515049894), ('colsample_bytree', 0.1752825264821569), ('gamma', 0.047478678895648344), ('learning_rate', 0.018549226273126263), ('max_delta_step', 4), ('max_depth', 1), ('min_child_weight', 7), ('n_estimators', 396), ('reg_alpha', 6.318076139665519e-06), ('reg_lambda', 87.2821604780087), ('scale_pos_weight', 0.14593606451677227), ('subsample', 0.5216650057214275)])"
87,0.5456572092225427,0.552399221952379,0.6032862268091441,0.5539080239893402,0.5638128986952385,0.02300103783946261,25,8.526014626026154,0.8345539413171397,0.03290313482284546,0.00609584896433874,0.4644546552306528,0.6638551192873882,0.0012098900217838984,0.018714297987250092,6,1,5,415,5.407935025981826e-07,4.984451927342683e-07,0.586438529933884,0.7723992860820992,"OrderedDict([('colsample_bylevel', 0.4644546552306528), ('colsample_bytree', 0.6638551192873882), ('gamma', 0.0012098900217838984), ('learning_rate', 0.018714297987250092), ('max_delta_step', 6), ('max_depth', 1), ('min_child_weight', 5), ('n_estimators', 415), ('reg_alpha', 5.407935025981826e-07), ('reg_lambda', 4.984451927342683e-07), ('scale_pos_weight', 0.586438529933884), ('subsample', 0.7723992860820992)])"
88,0.5628311053083513,0.5575593229804598,0.5904743744871388,0.5553114725778578,0.5665443276361447,0.014083227203587373,17,9.337843716144562,1.4793108622133115,0.03131192922592163,0.0035946326489771736,0.4378333189335767,0.11344858954285515,7.927962007962763e-09,0.043280388249225345,1,1,5,500,0.00011092622313236658,1e-09,0.08072131746787355,0.7531779542459178,"OrderedDict([('colsample_bylevel', 0.4378333189335767), ('colsample_bytree', 0.11344858954285515), ('gamma', 7.927962007962763e-09), ('learning_rate', 0.043280388249225345), ('max_delta_step', 1), ('max_depth', 1), ('min_child_weight', 5), ('n_estimators', 500), ('reg_alpha', 0.00011092622313236658), ('reg_lambda', 1e-09), ('scale_pos_weight', 0.08072131746787355), ('subsample', 0.7531779542459178)])"
89,0.5656853085831226,0.554630056199469,0.6019087844891355,0.5555415058703037,0.5694417340377464,0.019240832569978675,4,10.084859669208527,0.7764476296825653,0.03159189224243164,0.005267856576426719,0.3145673880185756,0.4804046150582298,7.018259603833734e-05,0.019859513087542403,1,1,5,437,0.0025258715021958,1e-09,0.03997043974438203,0.5622438980410176,"OrderedDict([('colsample_bylevel', 0.3145673880185756), ('colsample_bytree', 0.4804046150582298), ('gamma', 7.018259603833734e-05), ('learning_rate', 0.019859513087542403), ('max_delta_step', 1), ('max_depth', 1), ('min_child_weight', 5), ('n_estimators', 437), ('reg_alpha', 0.0025258715021958), ('reg_lambda', 1e-09), ('scale_pos_weight', 0.03997043974438203), ('subsample', 0.5622438980410176)])"
90,0.5596722291676746,0.5530383939104583,0.6043244762487093,0.5484818861893809,0.5663796587321233,0.022266199530289882,19,10.56874394416809,1.8927135805834188,0.028981804847717285,0.005183864895156578,0.6875127185671899,0.8150816676926522,9.261532598470231e-07,0.01,10,1,15,385,0.2520432595034695,2.666808175247447e-05,0.46717330759811115,0.6611225034722119,"OrderedDict([('colsample_bylevel', 0.6875127185671899), ('colsample_bytree', 0.8150816676926522), ('gamma', 9.261532598470231e-07), ('learning_rate', 0.01), ('max_delta_step', 10), ('max_depth', 1), ('min_child_weight', 15), ('n_estimators', 385), ('reg_alpha', 0.2520432595034695), ('reg_lambda', 2.666808175247447e-05), ('scale_pos_weight', 0.46717330759811115), ('subsample', 0.6611225034722119)])"
91,0.5458409093522046,0.5448843979448967,0.5699219428177864,0.5572749484722042,0.5544804852641537,0.01016099890504828,46,9.673276007175446,0.7601981625786269,0.03793466091156006,0.00610988005372574,0.11527955966751885,0.4826006136980995,8.752149494426697e-05,0.04684297102727866,6,2,5,429,0.0004758694670448118,1e-09,0.16336598661369778,0.8399871133711617,"OrderedDict([('colsample_bylevel', 0.11527955966751885), ('colsample_bytree', 0.4826006136980995), ('gamma', 8.752149494426697e-05), ('learning_rate', 0.04684297102727866), ('max_delta_step', 6), ('max_depth', 2), ('min_child_weight', 5), ('n_estimators', 429), ('reg_alpha', 0.0004758694670448118), ('reg_lambda', 1e-09), ('scale_pos_weight', 0.16336598661369778), ('subsample', 0.8399871133711617)])"
92,0.5453467235912408,0.5392399800253624,0.5802391351607024,0.5431236093147636,0.5519875662428341,0.01645706795661705,51,14.957399249076843,2.613385026513168,0.03750598430633545,0.010811434738703449,0.7556187157875217,0.7814545433075075,1.9583276211106493e-05,0.0920791272348612,10,4,8,500,2.4928221372601253e-07,2.7351209367730664e-07,0.0008905572127748674,0.4348996998092062,"OrderedDict([('colsample_bylevel', 0.7556187157875217), ('colsample_bytree', 0.7814545433075075), ('gamma', 1.9583276211106493e-05), ('learning_rate', 0.0920791272348612), ('max_delta_step', 10), ('max_depth', 4), ('min_child_weight', 8), ('n_estimators', 500), ('reg_alpha', 2.4928221372601253e-07), ('reg_lambda', 2.7351209367730664e-07), ('scale_pos_weight', 0.0008905572127748674), ('subsample', 0.4348996998092062)])"
93,0.5235025718175087,0.5253300253397254,0.5807358382532133,0.5233595072361836,0.5382323283218062,0.024552084840658593,59,10.287684261798859,1.4230091759481849,0.03010040521621704,0.00408888186857454,0.3247647262217585,0.30685285063928247,6.462482374397601e-05,0.03090201898736457,20,4,12,500,8.0057511870026e-06,2.5812403864042994,0.2898858381686305,0.01,"OrderedDict([('colsample_bylevel', 0.3247647262217585), ('colsample_bytree', 0.30685285063928247), ('gamma', 6.462482374397601e-05), ('learning_rate', 0.03090201898736457), ('max_delta_step', 20), ('max_depth', 4), ('min_child_weight', 12), ('n_estimators', 500), ('reg_alpha', 8.0057511870026e-06), ('reg_lambda', 2.5812403864042994), ('scale_pos_weight', 0.2898858381686305), ('subsample', 0.01)])"
94,0.5412583332309678,0.5082481061130444,0.49400582508421176,0.558085085326756,0.5253985843629695,0.025492864927861073,67,14.68219131231308,1.6754692834519267,0.03450500965118408,0.005015511411625048,0.6238185112940491,0.5441299363595474,3.503825518215789e-08,0.03951301049478518,16,3,2,367,0.0011448646980943469,9.063760210272079e-08,0.06486222073273833,0.7049089468740417,"OrderedDict([('colsample_bylevel', 0.6238185112940491), ('colsample_bytree', 0.5441299363595474), ('gamma', 3.503825518215789e-08), ('learning_rate', 0.03951301049478518), ('max_delta_step', 16), ('max_depth', 3), ('min_child_weight', 2), ('n_estimators', 367), ('reg_alpha', 0.0011448646980943469), ('reg_lambda', 9.063760210272079e-08), ('scale_pos_weight', 0.06486222073273833), ('subsample', 0.7049089468740417)])"
95,0.5516969170388786,0.5396378314288066,0.593880875598896,0.5458636600523408,0.5577700953462749,0.021280524026244446,38,8.279608726501465,1.5884847586168545,0.030189573764801025,0.0038373917824681162,0.012731515458979416,0.7751420055526487,4.933865771115083e-06,0.0114635819183177,20,2,15,414,2.0436228348015393e-08,2.3818692738307926e-06,0.009680164415999736,0.5640873138418451,"OrderedDict([('colsample_bylevel', 0.012731515458979416), ('colsample_bytree', 0.7751420055526487), ('gamma', 4.933865771115083e-06), ('learning_rate', 0.0114635819183177), ('max_delta_step', 20), ('max_depth', 2), ('min_child_weight', 15), ('n_estimators', 414), ('reg_alpha', 2.0436228348015393e-08), ('reg_lambda', 2.3818692738307926e-06), ('scale_pos_weight', 0.009680164415999736), ('subsample', 0.5640873138418451)])"
96,0.4882148832217498,0.40652528823217216,0.3791643856446043,0.488481688254398,0.44059545807055567,0.048721815607868556,86,33.740195751190186,0.5571184237835755,0.07173877954483032,0.01220202185033748,0.7895549868837325,0.5601405367716873,2.6405943581376627e-09,0.5287782580880854,4,50,1,95,0.04289238344895244,13.168404235104498,361.43488553246124,0.6453034841489991,"OrderedDict([('colsample_bylevel', 0.7895549868837325), ('colsample_bytree', 0.5601405367716873), ('gamma', 2.6405943581376627e-09), ('learning_rate', 0.5287782580880854), ('max_delta_step', 4), ('max_depth', 50), ('min_child_weight', 1), ('n_estimators', 95), ('reg_alpha', 0.04289238344895244), ('reg_lambda', 13.168404235104498), ('scale_pos_weight', 361.43488553246124), ('subsample', 0.6453034841489991)])"
97,0.5599185507931417,0.5534863489415472,0.6070735392261183,0.5509539748902976,0.5678584929319044,0.022875782396849467,12,8.51500278711319,1.738418682363875,0.04010295867919922,0.010453627587836007,0.8084058183957611,0.5193099601050896,1.4531371957882232e-05,0.024419474306158345,4,1,2,283,3.209911027703605e-05,1e-09,0.029313607624082205,0.6077603994284457,"OrderedDict([('colsample_bylevel', 0.8084058183957611), ('colsample_bytree', 0.5193099601050896), ('gamma', 1.4531371957882232e-05), ('learning_rate', 0.024419474306158345), ('max_delta_step', 4), ('max_depth', 1), ('min_child_weight', 2), ('n_estimators', 283), ('reg_alpha', 3.209911027703605e-05), ('reg_lambda', 1e-09), ('scale_pos_weight', 0.029313607624082205), ('subsample', 0.6077603994284457)])"
98,0.5000435216569332,0.5026013447508353,0.5591600477886373,0.5094305744599094,0.5178090651990696,0.02411969791931766,70,8.643409848213196,1.0427834412173749,0.024431943893432617,0.003929918539951813,0.8635658077600703,0.37571828477587804,0.0063902746470949736,0.029959560127643284,17,4,11,366,1.1380283665657215e-05,0.11271223946322406,0.0006312494267775075,1.0,"OrderedDict([('colsample_bylevel', 0.8635658077600703), ('colsample_bytree', 0.37571828477587804), ('gamma', 0.0063902746470949736), ('learning_rate', 0.029959560127643284), ('max_delta_step', 17), ('max_depth', 4), ('min_child_weight', 11), ('n_estimators', 366), ('reg_alpha', 1.1380283665657215e-05), ('reg_lambda', 0.11271223946322406), ('scale_pos_weight', 0.0006312494267775075), ('subsample', 1.0)])"
99,0.547922061685711,0.5422310094161079,0.5881836308550976,0.5444137125970818,0.5556878633876193,0.018871255124644565,42,6.705963313579559,0.9800985939049347,0.03385138511657715,0.007602591319230828,0.46541494905456504,0.15800224425900466,2.040364660583967e-06,0.012212856385695109,20,1,9,268,0.13229334912027002,0.0009231749317874637,0.05014225386841209,0.9375533300818466,"OrderedDict([('colsample_bylevel', 0.46541494905456504), ('colsample_bytree', 0.15800224425900466), ('gamma', 2.040364660583967e-06), ('learning_rate', 0.012212856385695109), ('max_delta_step', 20), ('max_depth', 1), ('min_child_weight', 9), ('n_estimators', 268), ('reg_alpha', 0.13229334912027002), ('reg_lambda', 0.0009231749317874637), ('scale_pos_weight', 0.05014225386841209), ('subsample', 0.9375533300818466)])"
